<?xml version="1.0" encoding="UTF-8"?>
<project-private xmlns="http://www.netbeans.org/ns/project-private/1">
    <editor-bookmarks xmlns="http://www.netbeans.org/ns/editor-bookmarks/2" lastBookmarkId="0"/>
    <open-files xmlns="http://www.netbeans.org/ns/projectui-open-files/2">
        <group>
            <file>file:/home/gustavo/Desktop/Estudo/POO/SuperTrunfoDaReciclagem/src/supertrunfodareciclagem/Jogador.java</file>
            <file>file:/home/gustavo/Desktop/Estudo/POO/SuperTrunfoDaReciclagem/src/supertrunfodareciclagem/Carta.java</file>
            <file>file:/home/gustavo/Desktop/Estudo/POO/SuperTrunfoDaReciclagem/src/supertrunfodareciclagem/Cor.java</file>
            <file>file:/home/gustavo/Desktop/Estudo/POO/SuperTrunfoDaReciclagem/src/supertrunfodareciclagem/NaoReciclavel.java</file>
            <file>file:/home/gustavo/Desktop/Estudo/POO/SuperTrunfoDaReciclagem/src/supertrunfodareciclagem/Reciclavel.java</file>
        </group>
    </open-files>
</project-private>
